<?xml version="1.0" encoding="UTF-8" standalone="yes" ?>
<appProperties xmlns="http://schemas.mathworks.com/matlab/app/2012/appProperties" signature="72C3FDF79038F800E082FD7CA1702C3E0E99B453">

  <entryPoint>CropPlannerFInalDraft3</entryPoint>

  <name>Crop Planner Official</name>

  <version>1.0</version>

  <createdByMATLABRelease>(R2024a)</createdByMATLABRelease>

  <GUID>5409ec4d-c0cb-42ca-9af8-d400cf43a210</GUID>

  <summary>Crop Planning and Management system that enables farmers optimize their yield and make crucial decisions</summary>

  <author>
    <name>MATLAB SOLUTION MATRIX</name>
    <contact></contact>
    <organization></organization>
  </author>

  <supportedPlatforms/>

  <requiredProducts/>

  <numFiles>6</numFiles>

  <created>2024-10-22T21:04:14Z</created>

  <appEntries>
    <appFile>/Soil_Crop_1Data.csv</appFile>
    <appFile>/Climate_Crop_Success_Data.csv</appFile>
    <appFile>/download-removebg-preview (1).png</appFile>
    <appFile>/CropPlannerFInalDraft3.mlapp</appFile>
    <appFile>/download-removebg-preview.png</appFile>
    <appFile>/The Revival of Ancient Lost Crops Reveals Surprising Results.png</appFile>
  </appEntries>

</appProperties>
